Model,Accuracy,Precision,Recall,F1-Score
DeepSeek-V3,0.7491240364400841,0.6953125,0.2181372549019608,0.332089552238806
