Model,Accuracy,Precision,Recall,F1-Score
DeepSeek-V3,0.6203904555314533,0.6804766212186496,0.6203904555314533,0.6099962292310679
