Model,Accuracy,Precision,Recall,F1-Score
DeepSeek-R1,0.6695464362850972,0.717518982389197,0.6695464362850972,0.6656751099593985
