Model,Accuracy,Precision,Recall,F1-Score
DeepSeek-V3 (671B),0.5597826086956522,0.6140813413381017,0.5597826086956522,0.5483783127076494
