Model,Accuracy,Precision,Recall,F1-Score
GPT-4o mini (2024-07-18),0.5652879156528792,0.5877040868455303,0.5652879156528792,0.5522092467460753
