Model,Accuracy,Precision,Recall,F1-Score
DeepSeek-R1 (671B),0.665943600867679,0.7047740307065753,0.665943600867679,0.6733224401328789
