Model,Accuracy,Precision,Recall,F1-Score
Mistral OpenOrca (7B-L),0.421195652173913,0.5489447295801196,0.421195652173913,0.43613799472362735
