Model,Accuracy,Precision,Recall,F1-Score
o3-mini (2025-01-31),0.6566637246248896,0.6525942788562419,0.6566637246248896,0.6437597543858039
