Model,Accuracy,Precision,Recall,F1-Score
Aya (35B-L),0.2060016220600162,0.4916147971351811,0.2060016220600162,0.20446542468059195
