Model,Accuracy,Precision,Recall,F1-Score
Yi Large,0.5287915652879156,0.5739870258437689,0.5287915652879156,0.5258412937555448
