Model,Accuracy,Precision,Recall,F1-Score
GPT-4.5-preview (2025-02-27),0.963,0.8947368421052632,0.9897260273972602,0.9398373983739837
