Model,Accuracy,Precision,Recall,F1-Score
Qwen 3 (235B),0.953,0.9209621993127147,0.9178082191780822,0.9193825042881647
