Model,Accuracy,Precision,Recall,F1-Score
GPT-4.1 (2025-04-14),0.962,0.8944099378881988,0.9863013698630136,0.9381107491856677
