Model,Accuracy,Precision,Recall,F1-Score
DeepSeek-R1 (671B),0.9053333333333333,0.8689320388349514,0.9546666666666667,0.9097839898348158
