Model,Accuracy,Precision,Recall,F1-Score
DeepSeek-R1 (671B),0.9133333333333333,0.8522727272727273,1.0,0.9202453987730062
