Model,Accuracy,Precision,Recall,F1-Score
DeepSeek-R1 (671B),0.7173333333333334,0.6760259179265659,0.8346666666666667,0.747016706443914
