Model,Accuracy,Precision,Recall,F1-Score
o3-mini (2025-01-31),0.728,0.7232375979112271,0.7386666666666667,0.7308707124010554
